cluster,logins_last_7_days,logins_last_30_days,login_frequency_7d,login_frequency_30d,freq_change_7d_vs_mean,logins_7d_over_30d_ratio,avg_login_interval_30d,std_login_interval_30d,var_login_interval_30d,ewm_login_interval_7d,burstiness_login_interval,fano_factor_login_interval,zscore_avg_login_interval_7d
0,17.96118562608167,64.47573261144113,2.56588366086881,2.0713462946392256,0.3368379590802841,0.31205897994399134,43899.04286726369,64400.553229452635,5115288504.758963,27726.980504072424,0.17263280529349953,101023.24473691026,-0.13417630364956237
1,5.192662208566781,32.325391087816534,0.7418088869381115,0.9868075201993683,-0.2745082027466106,0.1692814193591242,89048.69843833086,113426.65510441677,15826190841.313698,77899.49468155476,0.12796329641464374,162736.12061243475,-0.05358369842752291
2,43.03476408793907,158.367820656294,6.147823441134151,5.248374265863688,0.24586780590253626,0.2907024880439251,17792.679891250253,33213.16812311808,1381093473.6678236,16649.539526875757,0.28464531390757,68874.4369192666,-0.027527693027846526
3,8.086919779546847,16.578395590936925,1.155274254220978,0.5342333366962604,0.9812784204389853,0.46229829810242995,190359.44391938436,315776.0996407222,124721068730.68977,55242.256166717336,0.2930202255731105,615458.3858575146,-0.4070131238920519
