batch_size,feature_eng_ms,scorecard_ms,ml_inference_ms,full_pipeline_ms,per_tx_ms
1,0.0002900007530115545,0.3287500003352761,1.01788999963901,2.6257699995767325,2.6257699995767325
10,0.00016999983927235007,0.5031399996369146,1.2499400007072836,3.1377000006614253,0.31377000006614253
100,0.00015999903553165495,2.4909999992814846,1.483179999195272,5.872870000166586,0.05872870000166586
500,0.00017999991541728377,11.666880000120727,3.1073400015884545,16.202209999755723,0.03240441999951145
1000,0.0001500011421740055,22.20817999841529,4.2005400006019045,27.67236000072444,0.027672360000724438
